{
  "Colors": {
    "areaSelectionBoxSideColor": "#30FFFFFF",
    "materialListHudItemCountsColor": "#FFFFAA00",
    "schematicRebuildBreakPlaceOverlayColor": "#4C33CC33",
    "schematicRebuildBreakExceptPlaceOverlayColor": "#4CF03030",
    "schematicRebuildReplaceOverlayColor": "#4CF0A010",
    "schematicOverlayColorExtra": "#4CFF4CE6",
    "schematicOverlayColorMissing": "#2C33B3E6",
    "schematicOverlayColorWrongBlock": "#4CFF3333",
    "schematicOverlayColorWrongState": "#4CFF9010"
  },
  "Generic": {
    "areaSelectionsPerWorld": true,
    "changeSelectedCornerOnMove": true,
    "easyPlaceMode": false,
    "easyPlaceHoldEnabled": false,
    "executeRequireHoldingTool": true,
    "fixRailRotation": true,
    "loadEntireSchematics": false,
    "pasteIgnoreInventories": false,
    "pickBlockEnabled": true,
    "placementRestriction": false,
    "renderMaterialListInGuis": true,
    "renderThreadNoTimeout": true,
    "toolItemEnabled": true,
    "pasteReplaceBehavior": "none",
    "selectionCornersMode": "corners",
    "pasteCommandInterval": 1,
    "pasteCommandLimit": 64,
    "pasteCommandNameSetblock": "setblock",
    "pickBlockableSlots": "1,2,3,4,5",
    "toolItem": "minecraft:stick"
  },
  "Hotkeys": {
    "addSelectionBox": {
      "keys": "M,A",
      "settings": {
        "activate_on": "PRESS",
        "context": "INGAME",
        "allow_empty": false,
        "allow_extra_keys": false,
        "order_sensitive": true,
        "exclusive": false,
        "cancel": true
      }
    },
    "cloneSelection": {
      "keys": "",
      "settings": {
        "activate_on": "PRESS",
        "context": "INGAME",
        "allow_empty": false,
        "allow_extra_keys": false,
        "order_sensitive": true,
        "exclusive": false,
        "cancel": true
      }
    },
    "deleteSelectionBox": {
      "keys": "",
      "settings": {
        "activate_on": "PRESS",
        "context": "INGAME",
        "allow_empty": false,
        "allow_extra_keys": false,
        "order_sensitive": true,
        "exclusive": false,
        "cancel": true
      }
    },
    "easyPlaceActivation": {
      "keys": "",
      "settings": {
        "activate_on": "PRESS",
        "context": "INGAME",
        "allow_empty": true,
        "allow_extra_keys": true,
        "order_sensitive": false,
        "exclusive": false,
        "cancel": false
      }
    },
    "easyPlaceToggle": {
      "keys": "B",
      "settings": {
        "activate_on": "PRESS",
        "context": "INGAME",
        "allow_empty": false,
        "allow_extra_keys": false,
        "order_sensitive": true,
        "exclusive": false,
        "cancel": true
      }
    },
    "executeOperation": {
      "keys": "K",
      "settings": {
        "activate_on": "PRESS",
        "context": "INGAME",
        "allow_empty": false,
        "allow_extra_keys": false,
        "order_sensitive": true,
        "exclusive": false,
        "cancel": true
      }
    },
    "invertGhostBlockRenderState": {
      "keys": "",
      "settings": {
        "activate_on": "PRESS",
        "context": "INGAME",
        "allow_empty": false,
        "allow_extra_keys": false,
        "order_sensitive": true,
        "exclusive": false,
        "cancel": true
      }
    },
    "invertOverlayRenderState": {
      "keys": "",
      "settings": {
        "activate_on": "PRESS",
        "context": "INGAME",
        "allow_empty": false,
        "allow_extra_keys": false,
        "order_sensitive": true,
        "exclusive": false,
        "cancel": true
      }
    },
    "layerModeNext": {
      "keys": "M,PAGE_UP",
      "settings": {
        "activate_on": "PRESS",
        "context": "INGAME",
        "allow_empty": false,
        "allow_extra_keys": false,
        "order_sensitive": true,
        "exclusive": false,
        "cancel": true
      }
    },
    "layerModePrevious": {
      "keys": "M,PAGE_DOWN",
      "settings": {
        "activate_on": "PRESS",
        "context": "INGAME",
        "allow_empty": false,
        "allow_extra_keys": false,
        "order_sensitive": true,
        "exclusive": false,
        "cancel": true
      }
    },
    "layerNext": {
      "keys": "PAGE_UP",
      "settings": {
        "activate_on": "PRESS",
        "context": "INGAME",
        "allow_empty": false,
        "allow_extra_keys": false,
        "order_sensitive": true,
        "exclusive": false,
        "cancel": true
      }
    },
    "layerPrevious": {
      "keys": "PAGE_DOWN",
      "settings": {
        "activate_on": "PRESS",
        "context": "INGAME",
        "allow_empty": false,
        "allow_extra_keys": false,
        "order_sensitive": true,
        "exclusive": false,
        "cancel": true
      }
    },
    "layerSetHere": {
      "keys": "",
      "settings": {
        "activate_on": "PRESS",
        "context": "INGAME",
        "allow_empty": false,
        "allow_extra_keys": false,
        "order_sensitive": true,
        "exclusive": false,
        "cancel": true
      }
    },
    "nudgeSelectionNegative": {
      "keys": "",
      "settings": {
        "activate_on": "PRESS",
        "context": "INGAME",
        "allow_empty": false,
        "allow_extra_keys": false,
        "order_sensitive": true,
        "exclusive": false,
        "cancel": true
      }
    },
    "nudgeSelectionPositive": {
      "keys": "",
      "settings": {
        "activate_on": "PRESS",
        "context": "INGAME",
        "allow_empty": false,
        "allow_extra_keys": false,
        "order_sensitive": true,
        "exclusive": false,
        "cancel": true
      }
    },
    "moveEntireSelection": {
      "keys": "",
      "settings": {
        "activate_on": "PRESS",
        "context": "INGAME",
        "allow_empty": false,
        "allow_extra_keys": false,
        "order_sensitive": true,
        "exclusive": false,
        "cancel": true
      }
    },
    "openGuiAreaSettings": {
      "keys": "KP_MULTIPLY",
      "settings": {
        "activate_on": "PRESS",
        "context": "INGAME",
        "allow_empty": false,
        "allow_extra_keys": false,
        "order_sensitive": true,
        "exclusive": false,
        "cancel": true
      }
    },
    "openGuiLoadedSchematics": {
      "keys": "",
      "settings": {
        "activate_on": "PRESS",
        "context": "INGAME",
        "allow_empty": false,
        "allow_extra_keys": false,
        "order_sensitive": true,
        "exclusive": false,
        "cancel": true
      }
    },
    "openGuiMainMenu": {
      "keys": "M",
      "settings": {
        "activate_on": "RELEASE",
        "context": "INGAME",
        "allow_empty": false,
        "allow_extra_keys": false,
        "order_sensitive": true,
        "exclusive": true,
        "cancel": true
      }
    },
    "openGuiMaterialList": {
      "keys": "M,L",
      "settings": {
        "activate_on": "PRESS",
        "context": "INGAME",
        "allow_empty": false,
        "allow_extra_keys": false,
        "order_sensitive": true,
        "exclusive": false,
        "cancel": true
      }
    },
    "openGuiPlacementSettings": {
      "keys": "KP_SUBTRACT",
      "settings": {
        "activate_on": "PRESS",
        "context": "INGAME",
        "allow_empty": false,
        "allow_extra_keys": false,
        "order_sensitive": true,
        "exclusive": false,
        "cancel": true
      }
    },
    "openGuiSchematicPlacements": {
      "keys": "M,P",
      "settings": {
        "activate_on": "PRESS",
        "context": "INGAME",
        "allow_empty": false,
        "allow_extra_keys": false,
        "order_sensitive": true,
        "exclusive": false,
        "cancel": true
      }
    },
    "openGuiSchematicProjects": {
      "keys": "",
      "settings": {
        "activate_on": "PRESS",
        "context": "INGAME",
        "allow_empty": false,
        "allow_extra_keys": false,
        "order_sensitive": true,
        "exclusive": false,
        "cancel": true
      }
    },
    "openGuiSchematicVerifier": {
      "keys": "M,V",
      "settings": {
        "activate_on": "PRESS",
        "context": "INGAME",
        "allow_empty": false,
        "allow_extra_keys": false,
        "order_sensitive": true,
        "exclusive": false,
        "cancel": true
      }
    },
    "openGuiSelectionManager": {
      "keys": "M,S",
      "settings": {
        "activate_on": "PRESS",
        "context": "INGAME",
        "allow_empty": false,
        "allow_extra_keys": false,
        "order_sensitive": true,
        "exclusive": false,
        "cancel": true
      }
    },
    "openGuiSettings": {
      "keys": "M,C",
      "settings": {
        "activate_on": "PRESS",
        "context": "INGAME",
        "allow_empty": false,
        "allow_extra_keys": false,
        "order_sensitive": true,
        "exclusive": false,
        "cancel": true
      }
    },
    "operationModeChangeModifier": {
      "keys": "LEFT_CONTROL",
      "settings": {
        "activate_on": "PRESS",
        "context": "INGAME",
        "allow_empty": false,
        "allow_extra_keys": true,
        "order_sensitive": false,
        "exclusive": false,
        "cancel": false
      }
    },
    "pickBlockFirst": {
      "keys": "BUTTON_3",
      "settings": {
        "activate_on": "PRESS",
        "context": "INGAME",
        "allow_empty": false,
        "allow_extra_keys": true,
        "order_sensitive": true,
        "exclusive": false,
        "cancel": true
      }
    },
    "pickBlockLast": {
      "keys": "",
      "settings": {
        "activate_on": "PRESS",
        "context": "INGAME",
        "allow_empty": false,
        "allow_extra_keys": true,
        "order_sensitive": false,
        "exclusive": false,
        "cancel": false
      }
    },
    "pickBlockToggle": {
      "keys": "M,BUTTON_3",
      "settings": {
        "activate_on": "PRESS",
        "context": "INGAME",
        "allow_empty": false,
        "allow_extra_keys": false,
        "order_sensitive": true,
        "exclusive": false,
        "cancel": true
      }
    },
    "renderInfoOverlay": {
      "keys": "I",
      "settings": {
        "activate_on": "PRESS",
        "context": "INGAME",
        "allow_empty": false,
        "allow_extra_keys": true,
        "order_sensitive": true,
        "exclusive": false,
        "cancel": true
      }
    },
    "renderOverlayThroughBlocks": {
      "keys": "RIGHT_CONTROL",
      "settings": {
        "activate_on": "PRESS",
        "context": "INGAME",
        "allow_empty": false,
        "allow_extra_keys": true,
        "order_sensitive": true,
        "exclusive": false,
        "cancel": true
      }
    },
    "rerenderSchematic": {
      "keys": "F3,M",
      "settings": {
        "activate_on": "PRESS",
        "context": "INGAME",
        "allow_empty": false,
        "allow_extra_keys": false,
        "order_sensitive": true,
        "exclusive": false,
        "cancel": true
      }
    },
    "saveAreaAsInMemorySchematic": {
      "keys": "",
      "settings": {
        "activate_on": "PRESS",
        "context": "INGAME",
        "allow_empty": false,
        "allow_extra_keys": false,
        "order_sensitive": true,
        "exclusive": false,
        "cancel": true
      }
    },
    "saveAreaAsSchematicToFile": {
      "keys": "LEFT_CONTROL,LEFT_ALT,S",
      "settings": {
        "activate_on": "PRESS",
        "context": "INGAME",
        "allow_empty": false,
        "allow_extra_keys": false,
        "order_sensitive": true,
        "exclusive": false,
        "cancel": true
      }
    },
    "schematicRebuildBreakPlaceAll": {
      "keys": "",
      "settings": {
        "activate_on": "PRESS",
        "context": "INGAME",
        "allow_empty": false,
        "allow_extra_keys": true,
        "order_sensitive": false,
        "exclusive": false,
        "cancel": false
      }
    },
    "schematicRebuildBreakAllExcept": {
      "keys": "",
      "settings": {
        "activate_on": "PRESS",
        "context": "INGAME",
        "allow_empty": false,
        "allow_extra_keys": true,
        "order_sensitive": false,
        "exclusive": false,
        "cancel": false
      }
    },
    "schematicRebuildBreakPlaceDirection": {
      "keys": "",
      "settings": {
        "activate_on": "PRESS",
        "context": "INGAME",
        "allow_empty": false,
        "allow_extra_keys": true,
        "order_sensitive": false,
        "exclusive": false,
        "cancel": false
      }
    },
    "schematicRebuildReplaceAll": {
      "keys": "",
      "settings": {
        "activate_on": "PRESS",
        "context": "INGAME",
        "allow_empty": false,
        "allow_extra_keys": true,
        "order_sensitive": false,
        "exclusive": false,
        "cancel": false
      }
    },
    "schematicRebuildReplaceDirection": {
      "keys": "",
      "settings": {
        "activate_on": "PRESS",
        "context": "INGAME",
        "allow_empty": false,
        "allow_extra_keys": true,
        "order_sensitive": false,
        "exclusive": false,
        "cancel": false
      }
    },
    "schematicVersionCycleModifier": {
      "keys": "",
      "settings": {
        "activate_on": "PRESS",
        "context": "INGAME",
        "allow_empty": false,
        "allow_extra_keys": true,
        "order_sensitive": false,
        "exclusive": false,
        "cancel": false
      }
    },
    "schematicVersionCycleNext": {
      "keys": "",
      "settings": {
        "activate_on": "PRESS",
        "context": "INGAME",
        "allow_empty": false,
        "allow_extra_keys": false,
        "order_sensitive": true,
        "exclusive": false,
        "cancel": true
      }
    },
    "schematicVersionCyclePrevious": {
      "keys": "",
      "settings": {
        "activate_on": "PRESS",
        "context": "INGAME",
        "allow_empty": false,
        "allow_extra_keys": false,
        "order_sensitive": true,
        "exclusive": false,
        "cancel": true
      }
    },
    "selectionGrabModifier": {
      "keys": "",
      "settings": {
        "activate_on": "PRESS",
        "context": "INGAME",
        "allow_empty": false,
        "allow_extra_keys": true,
        "order_sensitive": false,
        "exclusive": false,
        "cancel": false
      }
    },
    "selectionGrow": {
      "keys": "",
      "settings": {
        "activate_on": "PRESS",
        "context": "INGAME",
        "allow_empty": false,
        "allow_extra_keys": false,
        "order_sensitive": true,
        "exclusive": false,
        "cancel": true
      }
    },
    "selectionGrowModifier": {
      "keys": "",
      "settings": {
        "activate_on": "PRESS",
        "context": "INGAME",
        "allow_empty": false,
        "allow_extra_keys": true,
        "order_sensitive": false,
        "exclusive": false,
        "cancel": false
      }
    },
    "selectionNudgeModifier": {
      "keys": "LEFT_ALT",
      "settings": {
        "activate_on": "PRESS",
        "context": "INGAME",
        "allow_empty": false,
        "allow_extra_keys": true,
        "order_sensitive": false,
        "exclusive": false,
        "cancel": false
      }
    },
    "selectionModeCycle": {
      "keys": "LEFT_CONTROL,M",
      "settings": {
        "activate_on": "PRESS",
        "context": "INGAME",
        "allow_empty": false,
        "allow_extra_keys": false,
        "order_sensitive": true,
        "exclusive": false,
        "cancel": true
      }
    },
    "selectionShrink": {
      "keys": "",
      "settings": {
        "activate_on": "PRESS",
        "context": "INGAME",
        "allow_empty": false,
        "allow_extra_keys": false,
        "order_sensitive": true,
        "exclusive": false,
        "cancel": true
      }
    },
    "setAreaOrigin": {
      "keys": "",
      "settings": {
        "activate_on": "PRESS",
        "context": "INGAME",
        "allow_empty": false,
        "allow_extra_keys": false,
        "order_sensitive": true,
        "exclusive": false,
        "cancel": true
      }
    },
    "setSelectionBoxPosition1": {
      "keys": "",
      "settings": {
        "activate_on": "PRESS",
        "context": "INGAME",
        "allow_empty": false,
        "allow_extra_keys": false,
        "order_sensitive": true,
        "exclusive": false,
        "cancel": true
      }
    },
    "setSelectionBoxPosition2": {
      "keys": "",
      "settings": {
        "activate_on": "PRESS",
        "context": "INGAME",
        "allow_empty": false,
        "allow_extra_keys": false,
        "order_sensitive": true,
        "exclusive": false,
        "cancel": true
      }
    },
    "toggleAllRendering": {
      "keys": "M,R",
      "settings": {
        "activate_on": "PRESS",
        "context": "INGAME",
        "allow_empty": false,
        "allow_extra_keys": false,
        "order_sensitive": true,
        "exclusive": false,
        "cancel": true
      }
    },
    "toggleAreaSelectionBoxesRendering": {
      "keys": "",
      "settings": {
        "activate_on": "PRESS",
        "context": "INGAME",
        "allow_empty": false,
        "allow_extra_keys": false,
        "order_sensitive": true,
        "exclusive": false,
        "cancel": true
      }
    },
    "toggleInfoOverlayRendering": {
      "keys": "",
      "settings": {
        "activate_on": "PRESS",
        "context": "INGAME",
        "allow_empty": false,
        "allow_extra_keys": false,
        "order_sensitive": true,
        "exclusive": false,
        "cancel": true
      }
    },
    "toggleOverlayRendering": {
      "keys": "",
      "settings": {
        "activate_on": "PRESS",
        "context": "INGAME",
        "allow_empty": false,
        "allow_extra_keys": false,
        "order_sensitive": true,
        "exclusive": false,
        "cancel": true
      }
    },
    "toggleOverlayOutlineRendering": {
      "keys": "",
      "settings": {
        "activate_on": "PRESS",
        "context": "INGAME",
        "allow_empty": false,
        "allow_extra_keys": false,
        "order_sensitive": true,
        "exclusive": false,
        "cancel": true
      }
    },
    "toggleOverlaySideRendering": {
      "keys": "",
      "settings": {
        "activate_on": "PRESS",
        "context": "INGAME",
        "allow_empty": false,
        "allow_extra_keys": false,
        "order_sensitive": true,
        "exclusive": false,
        "cancel": true
      }
    },
    "togglePlacementBoxesRendering": {
      "keys": "",
      "settings": {
        "activate_on": "PRESS",
        "context": "INGAME",
        "allow_empty": false,
        "allow_extra_keys": false,
        "order_sensitive": true,
        "exclusive": false,
        "cancel": true
      }
    },
    "togglePlacementRestriction": {
      "keys": "",
      "settings": {
        "activate_on": "PRESS",
        "context": "INGAME",
        "allow_empty": false,
        "allow_extra_keys": false,
        "order_sensitive": true,
        "exclusive": false,
        "cancel": true
      }
    },
    "toggleSchematicBlockRendering": {
      "keys": "",
      "settings": {
        "activate_on": "PRESS",
        "context": "INGAME",
        "allow_empty": false,
        "allow_extra_keys": false,
        "order_sensitive": true,
        "exclusive": false,
        "cancel": true
      }
    },
    "toggleSchematicRendering": {
      "keys": "M,G",
      "settings": {
        "activate_on": "PRESS",
        "context": "INGAME",
        "allow_empty": false,
        "allow_extra_keys": false,
        "order_sensitive": true,
        "exclusive": false,
        "cancel": true
      }
    },
    "toggleTranslucentRendering": {
      "keys": "",
      "settings": {
        "activate_on": "PRESS",
        "context": "INGAME",
        "allow_empty": false,
        "allow_extra_keys": false,
        "order_sensitive": true,
        "exclusive": false,
        "cancel": true
      }
    },
    "toggleVerifierOverlayRendering": {
      "keys": "",
      "settings": {
        "activate_on": "PRESS",
        "context": "INGAME",
        "allow_empty": false,
        "allow_extra_keys": false,
        "order_sensitive": true,
        "exclusive": false,
        "cancel": true
      }
    },
    "toolEnabledToggle": {
      "keys": "M,T",
      "settings": {
        "activate_on": "PRESS",
        "context": "INGAME",
        "allow_empty": false,
        "allow_extra_keys": false,
        "order_sensitive": true,
        "exclusive": false,
        "cancel": true
      }
    },
    "toolPlaceCorner1": {
      "keys": "BUTTON_1",
      "settings": {
        "activate_on": "PRESS",
        "context": "INGAME",
        "allow_empty": false,
        "allow_extra_keys": true,
        "order_sensitive": true,
        "exclusive": false,
        "cancel": true
      }
    },
    "toolPlaceCorner2": {
      "keys": "BUTTON_2",
      "settings": {
        "activate_on": "PRESS",
        "context": "INGAME",
        "allow_empty": false,
        "allow_extra_keys": true,
        "order_sensitive": true,
        "exclusive": false,
        "cancel": true
      }
    },
    "toolSelectElements": {
      "keys": "BUTTON_3",
      "settings": {
        "activate_on": "PRESS",
        "context": "INGAME",
        "allow_empty": false,
        "allow_extra_keys": true,
        "order_sensitive": true,
        "exclusive": false,
        "cancel": true
      }
    },
    "toolSelectModifierBlock1": {
      "keys": "LEFT_ALT",
      "settings": {
        "activate_on": "PRESS",
        "context": "INGAME",
        "allow_empty": false,
        "allow_extra_keys": true,
        "order_sensitive": false,
        "exclusive": false,
        "cancel": false
      }
    },
    "toolSelectModifierBlock2": {
      "keys": "LEFT_SHIFT",
      "settings": {
        "activate_on": "PRESS",
        "context": "INGAME",
        "allow_empty": false,
        "allow_extra_keys": true,
        "order_sensitive": false,
        "exclusive": false,
        "cancel": false
      }
    },
    "unloadCurrentSchematic": {
      "keys": "",
      "settings": {
        "activate_on": "PRESS",
        "context": "INGAME",
        "allow_empty": false,
        "allow_extra_keys": false,
        "order_sensitive": true,
        "exclusive": false,
        "cancel": true
      }
    }
  },
  "InfoOverlays": {
    "blockInfoLinesEnabled": true,
    "blockInfoOverlayEnabled": true,
    "statusInfoHud": false,
    "statusInfoHudAuto": true,
    "verifierOverlayEnabled": true,
    "warnDisabledRendering": true,
    "blockInfoLinesAlignment": "top_right",
    "blockInfoOverlayAlignment": "top_center",
    "infoHudAlignment": "bottom_right",
    "toolHudAlignment": "bottom_left",
    "blockInfoLinesOffsetX": 4,
    "blockInfoLinesOffsetY": 4,
    "blockInfoLinesFontScale": 0.5,
    "blockInfoOverlayOffsetY": 6,
    "infoHudMaxLines": 10,
    "infoHudOffsetX": 1,
    "infoHudOffsetY": 1,
    "infoHudScale": 1.0,
    "materialListHudMaxLines": 10,
    "materialListHudScale": 1.0,
    "toolHudOffsetX": 1,
    "toolHudOffsetY": 1,
    "toolHudScale": 1.0,
    "verifierErrorHilightAlpha": 0.2,
    "verifierErrorHilightMaxPositions": 1000
  },
  "Visuals": {
    "enableRendering": false,
    "enableSchematicRendering": true,
    "enableAreaSelectionBoxesRendering": true,
    "enablePlacementBoxesRendering": true,
    "enableSchematicBlocksRendering": true,
    "enableSchematicOverlay": true,
    "overlayReducedInnerSides": false,
    "renderAreaSelectionBoxSides": true,
    "renderBlocksAsTranslucent": false,
    "renderCollidingSchematicBlocks": false,
    "renderErrorMarkerConnections": false,
    "renderErrorMarkerSides": true,
    "renderPlacementBoxSides": false,
    "renderPlacementEnclosingBox": true,
    "renderPlacementEnclosingBoxSides": false,
    "renderTranslucentBlockInnerSides": false,
    "schematicOverlayEnableOutlines": true,
    "schematicOverlayEnableSides": true,
    "schematicOverlayModelOutline": true,
    "schematicOverlayModelSides": true,
    "schematicOverlayRenderThroughBlocks": false,
    "schematicOverlayTypeExtra": true,
    "schematicOverlayTypeMissing": true,
    "schematicOverlayTypeWrongBlock": true,
    "schematicOverlayTypeWrongState": true,
    "schematicVerifierUseBlockModels": false,
    "ghostBlockAlpha": 0.5,
    "placementBoxSideAlpha": 0.2,
    "schematicOverlayOutlineWidth": 1.0,
    "schematicOverlayOutlineWidthThrough": 3.0
  }
}